id,first_name,email,creation_date,valid,password
3,Mile Clingoe,mclingoe1@nature.com,2020-2-16,TRUE,12345678
4,Lian Conkling,lconkling2@tuttocitta.it,2020-2-17,FALSE,12345678
5,Raven Dargavel,rdargavel3@arizona.edu,2020-2-18,FALSE,12345678
6,Huberto Marqyes,hmarqyes4@huffingtonpost.com,2020-2-19,FALSE,12345678
7,Mortimer Triswell,mtriswell5@merriam-webster.com,2020-2-20,TRUE,12345678
8,Clerc Cowgill,ccowgill6@1und1.de,2020-2-21,FALSE,12345678
9,Sile Leyninye,sleyninye7@cnn.com,2020-2-22,FALSE,12345678
10,Selene Sparrowe,ssparrowe8@geocities.com,2020-2-23,FALSE,12345678
11,Dalis Laxon,dlaxon9@spotify.com,2020-2-24,FALSE,12345678
12,Christan Epgrave,cepgravea@nationalgeographic.com,2020-2-25,FALSE,12345678
13,Madelon McGrowther,mmcgrowtherb@shareasale.com,2020-2-26,TRUE,12345678
14,Hobart Brantzen,hbrantzenc@oaic.gov.au,2020-2-27,FALSE,12345678
15,Lurline Mordaunt,lmordauntd@cpanel.net,2020-2-28,FALSE,12345678
16,Engracia Kitchinghan,ekitchinghane@blogtalkradio.com,2020-2-29,TRUE,12345678
17,Grier Winterborne,gwinterbornef@eepurl.com,2020-3-1,TRUE,12345678
18,Silvanus Alchin,salching@about.me,2020-3-2,TRUE,12345678
19,Rhoda Crowson,rcrowsonh@mapquest.com,2020-3-3,TRUE,12345678
20,Jock Wolledge,jwolledgei@printfriendly.com,2020-3-4,FALSE,12345678
21,Denver Storrock,dstorrockj@netvibes.com,2020-3-5,FALSE,12345678
22,Jakob Blandamore,jblandamorek@joomla.org,2020-3-6,FALSE,12345678
23,Ulrich Kuzemka,ukuzemkal@instagram.com,2020-3-7,FALSE,12345678
24,Corene Longfield,clongfieldm@thetimes.co.uk,2020-3-8,TRUE,12345678
25,Shell Saywell,ssaywelln@cloudflare.com,2020-3-9,TRUE,12345678
26,Shoshanna Stiegars,sstiegarso@seattletimes.com,2020-3-10,TRUE,12345678
27,Tori Westerman,twestermanp@chron.com,2020-3-11,TRUE,12345678
28,Merrile Manueau,mmanueauq@washingtonpost.com,2020-3-12,FALSE,12345678
29,Duncan Hartfield,dhartfieldr@boston.com,2020-3-13,TRUE,12345678
30,Kirby Hinkes,khinkess@addthis.com,2020-3-14,TRUE,12345678
31,Odille Kinkade,okinkadet@npr.org,2020-3-15,FALSE,12345678
32,Maggy Kynder,mkynderu@dyndns.org,2020-3-16,FALSE,12345678
33,Hill Dincke,hdinckev@alexa.com,2020-3-17,FALSE,12345678
34,Ninnetta Roggers,nroggersw@slate.com,2020-3-18,FALSE,12345678
35,Joya Doche,jdochex@latimes.com,2020-3-19,FALSE,12345678
36,Carina Christou,cchristouy@tiny.cc,2020-3-20,FALSE,12345678
37,Johann Romain,jromainz@shutterfly.com,2020-3-21,FALSE,12345678
38,Devora Prigmore,dprigmore10@npr.org,2020-3-22,FALSE,12345678
39,Ester Noni,enoni11@e-recht24.de,2020-3-23,FALSE,12345678
40,Polly Cleal,pcleal12@ameblo.jp,2020-3-24,TRUE,12345678
41,Baron Gullifant,bgullifant13@dmoz.org,2020-3-25,FALSE,12345678
42,Marylee Rennebach,mrennebach14@intel.com,2020-3-26,FALSE,12345678
43,Wallace Billinge,wbillinge15@epa.gov,2020-3-27,TRUE,12345678
44,Mavis Bayliss,mbayliss16@cisco.com,2020-3-28,FALSE,12345678
45,Shaylynn Bubear,sbubear17@prnewswire.com,2020-3-29,TRUE,12345678
46,Jamie Thursby,jthursby18@opensource.org,2020-3-30,FALSE,12345678
47,Mia Paule,mpaule19@multiply.com,2020-3-31,TRUE,12345678
48,Alphard St Leger,ast1a@gmpg.org,2020-4-1,TRUE,12345678
49,Waylen Brine,wbrine1b@ucsd.edu,2020-4-2,FALSE,12345678
50,Prentice Sidey,psidey1c@businessweek.com,2020-4-3,FALSE,12345678
51,Tobe Halwill,thalwill1d@shutterfly.com,2020-4-4,TRUE,12345678
52,Caty Rishbrook,crishbrook1e@marriott.com,2020-4-5,TRUE,12345678
53,Auguste Haworth,ahaworth1f@istockphoto.com,2020-4-6,FALSE,12345678
54,Elie Odom,eodom1g@admin.ch,2020-4-7,FALSE,12345678
55,Lance Goldman,lgoldman1h@google.nl,2020-4-8,FALSE,12345678
56,Prent Oughtright,poughtright1i@weather.com,2020-4-9,TRUE,12345678
57,Khalil Hughes,khughes1j@quantcast.com,2020-4-10,FALSE,12345678
58,Daron Leonard,dleonard1k@senate.gov,2020-4-11,TRUE,12345678
59,Adlai Michell,amichell1l@twitter.com,2020-4-12,TRUE,12345678
60,Berte Worwood,bworwood1m@netvibes.com,2020-4-13,TRUE,12345678
61,Scottie Jinkin,sjinkin1n@webeden.co.uk,2020-4-14,FALSE,12345678
62,Matty Cobbold,mcobbold1o@sciencedirect.com,2020-4-15,FALSE,12345678
63,Cissy Bartosik,cbartosik1p@google.co.uk,2020-4-16,TRUE,12345678
64,Pammie Ladbury,pladbury1q@discovery.com,2020-4-17,TRUE,12345678
65,Seline Jeskin,sjeskin1r@phoca.cz,2020-4-18,TRUE,12345678
66,Zena Aharoni,zaharoni1s@netscape.com,2020-4-19,FALSE,12345678
67,Barry Townby,btownby1t@homestead.com,2020-4-20,TRUE,12345678
68,Gawen Kennifeck,gkennifeck1u@angelfire.com,2020-4-21,TRUE,12345678
69,Osmond Minker,ominker1v@rakuten.co.jp,2020-4-22,FALSE,12345678
70,Clarice Edmonston,cedmonston1w@google.com.br,2020-4-23,TRUE,12345678
71,Erminie Nassau,enassau1x@sohu.com,2020-4-24,TRUE,12345678
72,Eldridge Doylend,edoylend1y@globo.com,2020-4-25,TRUE,12345678
73,Dyanne Wollers,dwollers1z@harvard.edu,2020-4-26,TRUE,12345678
74,Rosabelle Dulake,rdulake20@marriott.com,2020-4-27,FALSE,12345678
75,Pearle Drane,pdrane21@fda.gov,2020-4-28,TRUE,12345678
76,Reta McGilbon,rmcgilbon22@fastcompany.com,2020-4-29,TRUE,12345678
77,Philipa Filipczynski,pfilipczynski23@vkontakte.ru,2020-4-30,TRUE,12345678
78,Daune Egel,degel24@arstechnica.com,2020-5-1,FALSE,12345678
79,Jack Britee,jbritee25@woothemes.com,2020-5-2,FALSE,12345678
80,Tiffani Wayne,twayne26@shinystat.com,2020-5-3,TRUE,12345678
81,Vyky Dumke,vdumke27@yellowpages.com,2020-5-4,FALSE,12345678
82,Mendel McLaine,mmclaine28@si.edu,2020-5-5,FALSE,12345678
83,Malachi Winchcombe,mwinchcombe29@tmall.com,2020-5-6,FALSE,12345678
84,Mirilla Anshell,manshell2a@hibu.com,2020-5-7,TRUE,12345678
85,Eddie Kinane,ekinane2b@loc.gov,2020-5-8,TRUE,12345678
86,Karilynn Babbe,kbabbe2c@github.com,2020-5-9,TRUE,12345678
87,Bert Pretious,bpretious2d@shinystat.com,2020-5-10,TRUE,12345678
88,Spenser Bartolozzi,sbartolozzi2e@dyndns.org,2020-5-11,TRUE,12345678
89,Becka Moors,bmoors2f@webs.com,2020-5-12,TRUE,12345678
90,Brett Learoyde,blearoyde2g@t-online.de,2020-5-13,TRUE,12345678
91,Kirstin Dunster,kdunster2h@mit.edu,2020-5-14,FALSE,12345678
92,Filide Shieber,fshieber2i@cornell.edu,2020-5-15,TRUE,12345678
93,Tonya Eller,teller2j@youtu.be,2020-5-16,FALSE,12345678
94,Sherman Danbi,sdanbi2k@mit.edu,2020-5-17,TRUE,12345678
95,Ced Malham,cmalham2l@ebay.com,2020-5-18,TRUE,12345678
96,Richmond Capinetti,rcapinetti2m@symantec.com,2020-5-19,FALSE,12345678
97,Emmie McCane,emccane2n@princeton.edu,2020-5-20,TRUE,12345678
98,Fred Manion,fmanion2o@phoca.cz,2020-5-21,FALSE,12345678
99,Kaspar Speller,kspeller2p@163.com,2020-5-22,TRUE,12345678
100,Pren Cavil,pcavil2q@hhs.gov,2020-5-23,FALSE,12345678
101,Yule Sheraton,ysheraton2r@t-online.de,2020-5-24,TRUE,12345678
